name,email,cif
Flatley-Rowe,info@flatley-rowe.com,B611111111
"Weissnat, Hackett and Purdy",info@weissnat-hackett-and-purdy.com,B611111112
"Streich, Klocko and Marvin",info@streich-klocko-and-marvin.com,B611111113
"Pfeffer, Wiza and Jacobson",info@pfeffer-wiza-and-jacobson.com,B611111114
Von and Sons,info@von-and-sons.com,B611111115
Oga Inc,info@oga-inc.com,B611111116
"Mayer, Kemmer and Schumm",info@mayer-kemmer-and-schumm.com,B611111117
Zulauf-Roberts,info@zulauf-roberts.com,B611111118
Towne-Waelchi,info@towne-waelchi.com,B611111119
Schoen Inc,info@schoen-inc.com,B611111110
Dietrich-Ortiz,info@dietrich-ortiz.com,B611111111
"Lubowitz, Hessel and Berge",info@lubowitz-hessel-and-berge.com,B611111112
Streich-Koepp,info@streich-koepp.com,B611111113
Hodkiewicz-Stehr,info@hodkiewicz-stehr.com,B611111114